keyword,normalized_keyword,occurrences,source_types
AutoCAD,autocad,12,candidate_base_resume; openjobs_definition
CAD Technician,cad technician,8,candidate_base_resume; openjobs_definition
FTTH,ftth,8,candidate_base_resume; openjobs_definition
Mechanical Drafter,mechanical drafter,8,candidate_base_resume; openjobs_definition
as-built drawings,as-built drawings,7,candidate_base_resume
CAD Designer,cad designer,7,candidate_base_resume; openjobs_definition
CAD Drafter,cad drafter,7,candidate_base_resume; openjobs_definition
NESC,nesc,7,candidate_base_resume
OSP,osp,7,candidate_base_resume; openjobs_definition; saved_search
AutoCAD 2D,autocad 2d,6,candidate_base_resume
AutoCAD Drafter,autocad drafter,6,candidate_base_resume; openjobs_definition
BOM,bom,6,candidate_base_resume
BOQ,boq,6,candidate_base_resume
construction drawings,construction drawings,6,candidate_base_resume
OSP Engineer,osp engineer,6,candidate_base_resume; openjobs_definition
Permit Drafter,permit drafter,6,apify_keyword_group; candidate_base_resume; openjobs_definition
2D drafting,2d drafting,5,candidate_base_resume
ArcPy,arcpy,5,candidate_base_resume; openjobs_definition
AutoCAD 3D,autocad 3d,5,candidate_base_resume
Bill of Materials (BOM),bill of materials (bom),5,candidate_base_resume
Fiber Design Technician,fiber design technician,5,candidate_base_resume; openjobs_definition
FTTx,fttx,5,candidate_base_resume; openjobs_definition
Geospatial Analyst,geospatial analyst,5,apify_keyword_group; candidate_base_resume; openjobs_definition
GIS Analyst,gis analyst,5,candidate_base_resume; openjobs_definition
GIS Technician,gis technician,5,candidate_base_resume; openjobs_definition
Mechanical Designer,mechanical designer,5,candidate_base_resume; openjobs_definition
Network Engineer,network engineer,5,apify_keyword_group; candidate_base_resume; openjobs_definition
OSP Designer,osp designer,5,candidate_base_resume
SolidWorks,solidworks,5,candidate_base_resume
3D Modeling,3d modeling,4,candidate_base_resume
ASIC Design Engineer,asic design engineer,4,apify_keyword_group; candidate_base_resume; openjobs_definition
CAD standards,cad standards,4,candidate_base_resume
Digital Design Engineer,digital design engineer,4,apify_keyword_group; candidate_base_resume; openjobs_definition
drawing QA/QC,drawing qa/qc,4,candidate_base_resume
Embedded Systems Engineer,embedded systems engineer,4,apify_keyword_group; candidate_base_resume; openjobs_definition
Fiber Design Engineer,fiber design engineer,4,apify_keyword_group; candidate_base_resume; openjobs_definition
Fiber Optic Design Engineer,fiber optic design engineer,4,apify_keyword_group; candidate_base_resume; openjobs_definition
FPGA Design Engineer,fpga design engineer,4,apify_keyword_group; candidate_base_resume; openjobs_definition
GD&T,gd&t,4,candidate_base_resume
GIS Basemaps,gis basemaps,4,candidate_base_resume
GIS Mapping Technician,gis mapping technician,4,candidate_base_resume; openjobs_definition
GIS Specialist,gis specialist,4,candidate_base_resume; openjobs_definition
HLD,hld,4,candidate_base_resume
IP Network Engineer,ip network engineer,4,apify_keyword_group; candidate_base_resume; openjobs_definition
ISP Network Engineer,isp network engineer,4,apify_keyword_group; candidate_base_resume; openjobs_definition
layer management,layer management,4,candidate_base_resume
LLD,lld,4,candidate_base_resume
Mechanical CAD Technician,mechanical cad technician,4,candidate_base_resume; openjobs_definition
Network Operations Engineer,network operations engineer,4,apify_keyword_group; candidate_base_resume; openjobs_definition
NOC Engineer,noc engineer,4,apify_keyword_group; candidate_base_resume; openjobs_definition
OSP CAD Designer,osp cad designer,4,candidate_base_resume; openjobs_definition
OSP CAD Drafter,osp cad drafter,4,apify_keyword_group; candidate_base_resume; openjobs_definition
OSP Design Engineer,osp design engineer,4,candidate_base_resume; openjobs_definition
OSP Engineering Technician,osp engineering technician,4,apify_keyword_group; candidate_base_resume; openjobs_definition
Outside Plant Engineer,outside plant engineer,4,candidate_base_resume; openjobs_definition
Parcel Mapping,parcel mapping,4,candidate_base_resume; openjobs_definition
Permit Design Engineer,permit design engineer,4,apify_keyword_group; candidate_base_resume; openjobs_definition
PV Design Engineer,pv design engineer,4,apify_keyword_group; candidate_base_resume; openjobs_definition
QA/QC,qa/qc,4,candidate_base_resume
QGIS,qgis,4,candidate_base_resume
Revision Control,revision control,4,candidate_base_resume
Revit,revit,4,candidate_base_resume
RTL Design Engineer,rtl design engineer,4,apify_keyword_group; candidate_base_resume; openjobs_definition
Solar Design Engineer,solar design engineer,4,apify_keyword_group; candidate_base_resume; openjobs_definition
Telecom Design Engineer,telecom design engineer,4,apify_keyword_group; candidate_base_resume; openjobs_definition
Telecommunications Engineer,telecommunications engineer,4,candidate_base_resume; openjobs_definition
VLSI Design Engineer,vlsi design engineer,4,apify_keyword_group; candidate_base_resume; openjobs_definition
Aerial Fiber Design Engineer,aerial fiber design engineer,3,candidate_base_resume; openjobs_definition
ArcGIS,arcgis,3,candidate_base_resume; openjobs_definition
ArcGIS Field Maps,arcgis field maps,3,candidate_base_resume
ArcGIS Online,arcgis online,3,candidate_base_resume
ArcGIS Pro,arcgis pro,3,candidate_base_resume
BGP,bgp,3,candidate_base_resume
bill of materials,bill of materials,3,candidate_base_resume
Broadband Design Engineer,broadband design engineer,3,candidate_base_resume; openjobs_definition
Broadband Network Engineer,broadband network engineer,3,apify_keyword_group; openjobs_definition
CAD Operator,cad operator,3,candidate_base_resume; openjobs_definition
Cartographer,cartographer,3,candidate_base_resume; openjobs_definition
Civil 3D,civil 3d,3,candidate_base_resume
Civil CAD Drafter,civil cad drafter,3,candidate_base_resume; openjobs_definition
Civil CAD Technician,civil cad technician,3,candidate_base_resume; openjobs_definition
Civil Designer,civil designer,3,candidate_base_resume; openjobs_definition
Colocation Technician,colocation technician,3,apify_keyword_group; candidate_base_resume; openjobs_definition
conduit design,conduit design,3,candidate_base_resume
Construction Drafter,construction drafter,3,candidate_base_resume; openjobs_definition
Data Center Network Engineer,data center network engineer,3,apify_keyword_group; candidate_base_resume; openjobs_definition
Data Center Operations Technician,data center operations technician,3,apify_keyword_group; candidate_base_resume; openjobs_definition
Data Center Technician,data center technician,3,apify_keyword_group; candidate_base_resume; openjobs_definition
Design Documentation Specialist,design documentation specialist,3,candidate_base_resume
Design Drafter,design drafter,3,candidate_base_resume; openjobs_definition
Design Engineer,design engineer,3,candidate_base_resume
DFM,dfm,3,candidate_base_resume
Drafting Technician,drafting technician,3,candidate_base_resume; openjobs_definition
Engineering Technician CAD,engineering technician cad,3,candidate_base_resume; openjobs_definition
Enterprise Geodatabase,enterprise geodatabase,3,candidate_base_resume
Fabrication Drawings,fabrication drawings,3,candidate_base_resume
Fiber Network Planner,fiber network planner,3,candidate_base_resume; openjobs_definition
Fiber Permitting Engineer,fiber permitting engineer,3,candidate_base_resume; openjobs_definition
Field Service Technician,field service technician,3,apify_keyword_group; openjobs_definition
FPGA & VLSI Design Engineer,fpga & vlsi design engineer,3,apify_keyword_group; candidate_base_resume; openjobs_definition
FTTH Design Engineer,ftth design engineer,3,candidate_base_resume; openjobs_definition
ISP Backbone,isp backbone,3,candidate_base_resume
IT Infrastructure Technician,it infrastructure technician,3,apify_keyword_group; candidate_base_resume; openjobs_definition
Joint Use Engineer,joint use engineer,3,candidate_base_resume; openjobs_definition
Make Ready Engineer,make ready engineer,3,candidate_base_resume; openjobs_definition
Mapping Technician,mapping technician,3,candidate_base_resume; openjobs_definition
material takeoff,material takeoff,3,candidate_base_resume
MicroStation,microstation,3,candidate_base_resume
ModelBuilder,modelbuilder,3,candidate_base_resume
MPLS,mpls,3,candidate_base_resume
Network Technician,network technician,3,apify_keyword_group; openjobs_definition
Operational Performance Engineer,operational performance engineer,3,apify_keyword_group; openjobs_definition
OSP Design Engineering Specialist,osp design engineering specialist,3,apify_keyword_group; candidate_base_resume; openjobs_definition
OSP Estimator,osp estimator,3,candidate_base_resume; openjobs_definition
OSP Field Engineer,osp field engineer,3,candidate_base_resume; openjobs_definition
OSP Planning Engineer,osp planning engineer,3,candidate_base_resume; openjobs_definition
OSP Project Engineer,osp project engineer,3,candidate_base_resume; openjobs_definition
OSP QC Engineer,osp qc engineer,3,candidate_base_resume; openjobs_definition
Outside Plant Designer,outside plant designer,3,candidate_base_resume; openjobs_definition
permit drawings,permit drawings,3,candidate_base_resume
Permit Packages,permit packages,3,candidate_base_resume
pole attachment,pole attachment,3,candidate_base_resume; openjobs_definition
procurement planning,procurement planning,3,candidate_base_resume
PV Designer,pv designer,3,candidate_base_resume; openjobs_definition
Python,python,3,candidate_base_resume
Redline Markups,redline markups,3,candidate_base_resume
Senior Data Technician,senior data technician,3,apify_keyword_group; candidate_base_resume; openjobs_definition
Senior Network Operations Engineer,senior network operations engineer,3,apify_keyword_group; candidate_base_resume; openjobs_definition
SoC Design Engineer,soc design engineer,3,apify_keyword_group; openjobs_definition
Solar Designer,solar designer,3,candidate_base_resume; openjobs_definition
Solar Engineer,solar engineer,3,apify_keyword_group; candidate_base_resume; openjobs_definition
Solar PV Design Engineer,solar pv design engineer,3,apify_keyword_group; candidate_base_resume; openjobs_definition
Spatial Analysis,spatial analysis,3,candidate_base_resume
Spatial Manager,spatial manager,3,candidate_base_resume
technical drawings,technical drawings,3,candidate_base_resume
Telecom Drafter,telecom drafter,3,candidate_base_resume; openjobs_definition
Telecom GIS Analyst,telecom gis analyst,3,candidate_base_resume; openjobs_definition
Utility Mapping Technician,utility mapping technician,3,candidate_base_resume; openjobs_definition
Web Maps,web maps,3,candidate_base_resume
Xrefs,xrefs,3,candidate_base_resume
24x7 NOC Engineer,24x7 noc engineer,2,apify_keyword_group; openjobs_definition
Aerial & Underground Fiber,aerial & underground fiber,2,candidate_base_resume
aerial fiber,aerial fiber,2,candidate_base_resume; openjobs_definition
Aerial Fiber Design,aerial fiber design,2,candidate_base_resume
AI Accelerator Engineer,ai accelerator engineer,2,apify_keyword_group; openjobs_definition
ANSI Y14.5,ansi y14.5,2,candidate_base_resume
ArcGIS Enterprise,arcgis enterprise,2,candidate_base_resume
As-Built CAD Technician,as-built cad technician,2,candidate_base_resume
as-built conversion,as-built conversion,2,candidate_base_resume
As-Built Drafter,as-built drafter,2,candidate_base_resume
ASME Y14.5,asme y14.5,2,candidate_base_resume
Assembly Drawings,assembly drawings,2,candidate_base_resume
AutoCAD Technician,autocad technician,2,candidate_base_resume
bill of quantities,bill of quantities,2,candidate_base_resume
BIM/CAD Technician,bim/cad technician,2,candidate_base_resume
C&I Solar,c&i solar,2,candidate_base_resume; openjobs_definition
C&I Solar Design Engineer,c&i solar design engineer,2,apify_keyword_group; openjobs_definition
CAD Conversion Technician,cad conversion technician,2,candidate_base_resume
CAD Data Technician,cad data technician,2,candidate_base_resume
CAD Detailer,cad detailer,2,candidate_base_resume
CAD Production Technician,cad production technician,2,candidate_base_resume
CAD QA/QC Technician,cad qa/qc technician,2,candidate_base_resume
CAD Standards Technician,cad standards technician,2,candidate_base_resume
Cartography,cartography,2,candidate_base_resume
CCIE,ccie,2,apify_keyword_group; openjobs_definition
CCIE Enterprise Infrastructure,ccie enterprise infrastructure,2,candidate_base_resume
CCNP Data Center,ccnp data center,2,candidate_base_resume
Cisco ACI,cisco aci,2,candidate_base_resume
Cisco ASA,cisco asa,2,candidate_base_resume
Civil 3D Technician,civil 3d technician,2,candidate_base_resume; openjobs_definition
Civil Design Technician,civil design technician,2,candidate_base_resume
civil drafter,civil drafter,2,openjobs_definition
Colocation Engineer,colocation engineer,2,apify_keyword_group; openjobs_definition
Commercial Solar,commercial solar,2,candidate_base_resume; openjobs_definition
Conductor Sizing,conductor sizing,2,candidate_base_resume
Construction Documents Drafter,construction documents drafter,2,candidate_base_resume
Construction-Ready Fiber Designer,construction-ready fiber designer,2,candidate_base_resume
Coordinate Systems,coordinate systems,2,candidate_base_resume
Core Network Engineer,core network engineer,2,apify_keyword_group; openjobs_definition
Cost Estimator,cost estimator,2,apify_keyword_group; openjobs_definition
Data Center Hardware Technician,data center hardware technician,2,apify_keyword_group; openjobs_definition
Data Center Networking,data center networking,2,candidate_base_resume
Data Center Operations Specialist,data center operations specialist,2,apify_keyword_group; openjobs_definition
Design for Manufacturability,design for manufacturability,2,candidate_base_resume
design review,design review,2,candidate_base_resume
Distribution Designer,distribution designer,2,candidate_base_resume; openjobs_definition
DMVPN,dmvpn,2,candidate_base_resume
document control,document control,2,candidate_base_resume
Document Control Coordinator,document control coordinator,2,candidate_base_resume
DOT compliance,dot compliance,2,candidate_base_resume
Drafting Coordinator,drafting coordinator,2,candidate_base_resume
drafting standards,drafting standards,2,candidate_base_resume
Drawing Checker,drawing checker,2,candidate_base_resume
duct bank design,duct bank design,2,candidate_base_resume
DWG,dwg,2,candidate_base_resume
DWG Technician,dwg technician,2,candidate_base_resume
Electrical Designer,electrical designer,2,candidate_base_resume; openjobs_definition
Electronics Engineer,electronics engineer,2,apify_keyword_group; openjobs_definition
Embedded Hardware Engineer,embedded hardware engineer,2,apify_keyword_group; openjobs_definition
Engineering CAD Technician,engineering cad technician,2,candidate_base_resume
EVPN,evpn,2,candidate_base_resume
Fiber As-Built Technician,fiber as-built technician,2,candidate_base_resume
Fiber CAD Drafter,fiber cad drafter,2,candidate_base_resume
Fiber Construction Coordinator,fiber construction coordinator,2,candidate_base_resume
Fiber Construction Engineer,fiber construction engineer,2,candidate_base_resume; openjobs_definition
fiber design,fiber design,2,candidate_base_resume; openjobs_definition
Fiber Designer,fiber designer,2,candidate_base_resume
fiber engineer,fiber engineer,2,openjobs_definition
Fiber Engineering Technician,fiber engineering technician,2,candidate_base_resume
Fiber Infrastructure Designer,fiber infrastructure designer,2,candidate_base_resume
fiber network,fiber network,2,openjobs_definition
Fiber Network Engineer,fiber network engineer,2,candidate_base_resume; openjobs_definition
fiber optic,fiber optic,2,openjobs_definition
fiber optic design,fiber optic design,2,candidate_base_resume
Fiber QA/QC Technician,fiber qa/qc technician,2,candidate_base_resume
Fiber Quantity Estimator,fiber quantity estimator,2,candidate_base_resume
Fiber Route Engineer,fiber route engineer,2,candidate_base_resume; openjobs_definition
Fiber Route Planner,fiber route planner,2,candidate_base_resume
fiber technician,fiber technician,2,openjobs_definition
field sketches,field sketches,2,candidate_base_resume
Field Verification Technician,field verification technician,2,candidate_base_resume
File Geodatabase,file geodatabase,2,candidate_base_resume
Floor Plans,floor plans,2,candidate_base_resume
FPGA,fpga,2,candidate_base_resume; openjobs_definition
FPGA Engineer,fpga engineer,2,apify_keyword_group; openjobs_definition
FTTx Design Engineer,fttx design engineer,2,candidate_base_resume; openjobs_definition
Geocoding,geocoding,2,candidate_base_resume
Geodatabase,geodatabase,2,candidate_base_resume; openjobs_definition
Geoprocessing,geoprocessing,2,candidate_base_resume; openjobs_definition
Georeferenced Data,georeferenced data,2,candidate_base_resume
georeferenced drawings,georeferenced drawings,2,candidate_base_resume
Geospatial Technician,geospatial technician,2,candidate_base_resume; openjobs_definition
GIS,gis,2,candidate_base_resume; openjobs_definition
GIS Automation Analyst,gis automation analyst,2,candidate_base_resume; openjobs_definition
GIS basemap,gis basemap,2,candidate_base_resume
GIS Coordinator,gis coordinator,2,candidate_base_resume; openjobs_definition
GIS Data Analyst,gis data analyst,2,candidate_base_resume; openjobs_definition
GIS Database Technician,gis database technician,2,candidate_base_resume; openjobs_definition
GIS Developer,gis developer,2,candidate_base_resume; openjobs_definition
GIS Fiber Design Technician,gis fiber design technician,2,candidate_base_resume; openjobs_definition
GIS Field Technician,gis field technician,2,candidate_base_resume; openjobs_definition
GIS QA/QC Analyst,gis qa/qc analyst,2,candidate_base_resume; openjobs_definition
GIS Support Specialist,gis support specialist,2,candidate_base_resume; openjobs_definition
GIS/CAD Technician,gis/cad technician,2,candidate_base_resume
GPS Data Collection,gps data collection,2,candidate_base_resume
Hardware Design Engineer,hardware design engineer,2,apify_keyword_group; openjobs_definition
HelioScope,helioscope,2,candidate_base_resume
IEEE 1547,ieee 1547,2,candidate_base_resume
Incident Response Engineer,incident response engineer,2,apify_keyword_group; openjobs_definition
Infrastructure CAD Technician,infrastructure cad technician,2,candidate_base_resume
Infrastructure Drafter,infrastructure drafter,2,candidate_base_resume
Infrastructure Mapping,infrastructure mapping,2,candidate_base_resume
Interconnection Engineer,interconnection engineer,2,apify_keyword_group; openjobs_definition
Inventor,inventor,2,candidate_base_resume
IP Transit,ip transit,2,candidate_base_resume
IS-IS,is-is,2,candidate_base_resume
IT Operations Engineer,it operations engineer,2,apify_keyword_group; openjobs_definition
JNCIA-SEC,jncia-sec,2,candidate_base_resume
Joint Use Designer,joint use designer,2,candidate_base_resume
Joint-Use,joint-use,2,candidate_base_resume; openjobs_definition
Junior CAD Designer,junior cad designer,2,candidate_base_resume
L2 Network Support,l2 network support,2,apify_keyword_group; openjobs_definition
L2/L3 VPN,l2/l3 vpn,2,candidate_base_resume
Land Development Drafter,land development drafter,2,candidate_base_resume; openjobs_definition
Land Use Mapping,land use mapping,2,candidate_base_resume
Machined Components,machined components,2,candidate_base_resume
Major Incident Engineer,major incident engineer,2,apify_keyword_group; openjobs_definition
Make Ready Designer,make ready designer,2,candidate_base_resume
Material Take-Offs,material take-offs,2,candidate_base_resume
Material Takeoff Technician,material takeoff technician,2,candidate_base_resume
Mechanical Design Engineer,mechanical design engineer,2,candidate_base_resume
Mechanical Engineering,mechanical engineering,2,candidate_base_resume
Municipal CAD Technician,municipal cad technician,2,candidate_base_resume
NESC Standards,nesc standards,2,candidate_base_resume
Network Infrastructure Engineer,network infrastructure engineer,2,apify_keyword_group; openjobs_definition
Network Monitoring Engineer,network monitoring engineer,2,apify_keyword_group; openjobs_definition
Network Operations Center Engineer,network operations center engineer,2,apify_keyword_group; openjobs_definition
Network Support Engineer,network support engineer,2,apify_keyword_group; openjobs_definition
Network Support Specialist,network support specialist,2,apify_keyword_group; openjobs_definition
NOC Analyst,noc analyst,2,apify_keyword_group; openjobs_definition
NOC Operations,noc operations,2,candidate_base_resume
OSP CAD Technician,osp cad technician,2,candidate_base_resume
OSP design,osp design,2,candidate_base_resume; openjobs_definition
OSP Design Engineering Apprentice,osp design engineering apprentice,2,apify_keyword_group; openjobs_definition
OSP Documentation Specialist,osp documentation specialist,2,candidate_base_resume
OSPF,ospf,2,candidate_base_resume
outside plant,outside plant,2,openjobs_definition
Overcurrent Protection,overcurrent protection,2,candidate_base_resume
Palo Alto,palo alto,2,candidate_base_resume
Part & Assembly Drawings,part & assembly drawings,2,candidate_base_resume
PDM,pdm,2,candidate_base_resume
permit package,permit package,2,candidate_base_resume
Permit Plan Drafter,permit plan drafter,2,candidate_base_resume
Photovoltaic Design Engineer,photovoltaic design engineer,2,apify_keyword_group; openjobs_definition
Plan and Profile Drafter,plan and profile drafter,2,candidate_base_resume
plan production,plan production,2,candidate_base_resume
Plan Production Drafter,plan production drafter,2,candidate_base_resume
Plan Set Drafter,plan set drafter,2,candidate_base_resume
PLM,plm,2,candidate_base_resume
Pole Attachment Designer,pole attachment designer,2,candidate_base_resume
Pole Attachments,pole attachments,2,candidate_base_resume
PV Systems Engineer,pv systems engineer,2,apify_keyword_group; openjobs_definition
PVsyst,pvsyst,2,candidate_base_resume
quantity estimating,quantity estimating,2,candidate_base_resume
Quantity Takeoff Technician,quantity takeoff technician,2,candidate_base_resume
Redline Drafter,redline drafter,2,candidate_base_resume
redline integration,redline integration,2,candidate_base_resume
Remote Hands,remote hands,2,candidate_base_resume; openjobs_definition
Remote Hands Technician,remote hands technician,2,apify_keyword_group; openjobs_definition
Renewable Energy Design Engineer,renewable energy design engineer,2,apify_keyword_group; openjobs_definition
Residential Solar,residential solar,2,candidate_base_resume
Right-of-Way (ROW),right-of-way (row),2,candidate_base_resume
Roadway Drafter,roadway drafter,2,candidate_base_resume; openjobs_definition
ROW Permit Technician,row permit technician,2,candidate_base_resume
Schematics,schematics,2,candidate_base_resume
Senior Applications Engineer – Solar PV & Battery Storage Systems,senior applications engineer - solar pv & battery storage systems,2,apify_keyword_group; openjobs_definition
Senior Data Center Technician,senior data center technician,2,apify_keyword_group; openjobs_definition
Senior Network Engineer,senior network engineer,2,apify_keyword_group; openjobs_definition
Senior NOC Engineer,senior noc engineer,2,apify_keyword_group; openjobs_definition
Server Hardware Technician,server hardware technician,2,apify_keyword_group; openjobs_definition
Service Provider Network Engineer,service provider network engineer,2,apify_keyword_group; openjobs_definition
ServiceNow,servicenow,2,candidate_base_resume
Shading Analysis,shading analysis,2,candidate_base_resume
Sheet Metal Design,sheet metal design,2,candidate_base_resume
Site Design Technician,site design technician,2,candidate_base_resume; openjobs_definition
Site Plans,site plans,2,candidate_base_resume
SketchUp,sketchup,2,candidate_base_resume
Smart Hands Technician,smart hands technician,2,apify_keyword_group; openjobs_definition
SoC,soc,2,candidate_base_resume; openjobs_definition
Solar Applications Engineer,solar applications engineer,2,apify_keyword_group; openjobs_definition
Solar CAD Designer,solar cad designer,2,apify_keyword_group; openjobs_definition
Solar Electrical Design Engineer,solar electrical design engineer,2,apify_keyword_group; openjobs_definition
Solar Project Engineer,solar project engineer,2,apify_keyword_group; openjobs_definition
Solar PV Designer,solar pv designer,2,candidate_base_resume; openjobs_definition
SolarWinds,solarwinds,2,candidate_base_resume
SolidWorks PDM,solidworks pdm,2,candidate_base_resume
spatial accuracy,spatial accuracy,2,candidate_base_resume
Spatial Joins,spatial joins,2,candidate_base_resume
Spine-Leaf Architecture,spine-leaf architecture,2,candidate_base_resume
splice,splice,2,openjobs_definition
splice matrix,splice matrix,2,candidate_base_resume
splicing,splicing,2,openjobs_definition
splitter layout,splitter layout,2,candidate_base_resume
Structural CAD Technician,structural cad technician,2,candidate_base_resume; openjobs_definition
Structured Cabling Technician,structured cabling technician,2,apify_keyword_group; openjobs_definition
Survey CAD Technician,survey cad technician,2,candidate_base_resume
Survey123,survey123,2,candidate_base_resume
Systems Monitoring Engineer,systems monitoring engineer,2,apify_keyword_group; openjobs_definition
"Team Lead, IP Data Network","team lead, ip data network",2,candidate_base_resume
technical documentation,technical documentation,2,candidate_base_resume
Technical Drawing Specialist,technical drawing specialist,2,candidate_base_resume
Telecom CAD Technician,telecom cad technician,2,candidate_base_resume
Telecom Design Technician,telecom design technician,2,candidate_base_resume
Telecom Network Engineer,telecom network engineer,2,apify_keyword_group; openjobs_definition
Telecom Permit Coordinator,telecom permit coordinator,2,candidate_base_resume
underground fiber,underground fiber,2,candidate_base_resume; openjobs_definition
Underground Fiber Design,underground fiber design,2,candidate_base_resume
Underground Fiber Design Engineer,underground fiber design engineer,2,candidate_base_resume; openjobs_definition
Utility CAD Designer,utility cad designer,2,candidate_base_resume; openjobs_definition
Utility CAD Technician,utility cad technician,2,candidate_base_resume
Utility GIS Analyst,utility gis analyst,2,candidate_base_resume; openjobs_definition
Utility GIS Technician,utility gis technician,2,candidate_base_resume
Utility Interconnection,utility interconnection,2,candidate_base_resume; openjobs_definition
Utility Mapping,utility mapping,2,candidate_base_resume
utility permitting,utility permitting,2,candidate_base_resume
VLSI,vlsi,2,candidate_base_resume; openjobs_definition
Voltage Drop Calculation,voltage drop calculation,2,candidate_base_resume
VXLAN,vxlan,2,candidate_base_resume
waste factor,waste factor,2,candidate_base_resume
XGS-PON,xgs-pon,2,candidate_base_resume
1:32 splitter,1:32 splitter,1,candidate_base_resume
24x7 NOC Monitoring,24x7 noc monitoring,1,candidate_base_resume
2D Technical Drawing,2d technical drawing,1,candidate_base_resume
3d cad modeler,3d cad modeler,1,openjobs_definition
3D drafting,3d drafting,1,candidate_base_resume
3D Solid Modeling,3d solid modeling,1,candidate_base_resume
65 nm CMOS,65 nm cmos,1,candidate_base_resume
accountant i,accountant i,1,openjobs_definition
accounting analyst,accounting analyst,1,openjobs_definition
accounting assistant,accounting assistant,1,openjobs_definition
accounting associate,accounting associate,1,openjobs_definition
accounting clerk,accounting clerk,1,openjobs_definition
accounting operations analyst,accounting operations analyst,1,openjobs_definition
accounting operations specialist,accounting operations specialist,1,openjobs_definition
accounting support specialist,accounting support specialist,1,openjobs_definition
accounts analyst,accounts analyst,1,openjobs_definition
accounts payable analyst,accounts payable analyst,1,openjobs_definition
accounts payable associate,accounts payable associate,1,openjobs_definition
accounts payable clerk,accounts payable clerk,1,openjobs_definition
accounts payable coordinator,accounts payable coordinator,1,openjobs_definition
accounts payable specialist,accounts payable specialist,1,openjobs_definition
accounts receivable clerk,accounts receivable clerk,1,openjobs_definition
accounts receivable specialist,accounts receivable specialist,1,openjobs_definition
Aerial & Underground Design,aerial & underground design,1,candidate_base_resume
Aerial and Underground Fiber,aerial and underground fiber,1,candidate_base_resume
aerial and underground layouts,aerial and underground layouts,1,candidate_base_resume
aerial construction,aerial construction,1,openjobs_definition
Aerial Imagery,aerial imagery,1,candidate_base_resume
aerial layouts,aerial layouts,1,candidate_base_resume
aerial plant,aerial plant,1,candidate_base_resume
Aerial/orthophotography,aerial/orthophotography,1,candidate_base_resume
AHJ Permit Requirements,ahj permit requirements,1,candidate_base_resume
alignment plans,alignment plans,1,candidate_base_resume
analog circuit design,analog circuit design,1,openjobs_definition
analog layout engineer,analog layout engineer,1,openjobs_definition
annotation standards,annotation standards,1,candidate_base_resume
ap clerk,ap clerk,1,openjobs_definition
ap specialist,ap specialist,1,openjobs_definition
ap/ar specialist,ap/ar specialist,1,openjobs_definition
Applications Engineer,applications engineer,1,candidate_base_resume
ArcGIS Experience Builder,arcgis experience builder,1,candidate_base_resume
architectural cad technician,architectural cad technician,1,openjobs_definition
architectural designer,architectural designer,1,openjobs_definition
architectural drafter,architectural drafter,1,openjobs_definition
ArcMap,arcmap,1,candidate_base_resume
as-built,as-built,1,openjobs_definition
as-built documentation,as-built documentation,1,candidate_base_resume
asic,asic,1,openjobs_definition
Assembly Layouts,assembly layouts,1,candidate_base_resume
associate designer,associate designer,1,openjobs_definition
associate fpga engineer,associate fpga engineer,1,openjobs_definition
Attribute Rules,attribute rules,1,candidate_base_resume
Aurora Solar,aurora solar,1,candidate_base_resume
Authority Having Jurisdiction (AHJ),authority having jurisdiction (ahj),1,candidate_base_resume
AutoCAD 2024,autocad 2024,1,candidate_base_resume
AutoCAD Civil 3D,autocad civil 3d,1,candidate_base_resume
AutoCAD Designer,autocad designer,1,candidate_base_resume
AutoCAD drafting,autocad drafting,1,candidate_base_resume
automation project engineer,automation project engineer,1,candidate_base_resume
AXI Interfaces,axi interfaces,1,candidate_base_resume
Backbone Engineer,backbone engineer,1,candidate_base_resume
Balance of System (BOS),balance of system (bos),1,candidate_base_resume
battery management system,battery management system,1,openjobs_definition
Bend Allowance,bend allowance,1,candidate_base_resume
Bentley MicroStation,bentley microstation,1,candidate_base_resume
Bentley MicroStation Technician,bentley microstation technician,1,candidate_base_resume
BICSI Standards,bicsi standards,1,candidate_base_resume
Bill of Quantities (BOQ),bill of quantities (boq),1,candidate_base_resume
billing analyst,billing analyst,1,openjobs_definition
billing coordinator,billing coordinator,1,openjobs_definition
billing specialist,billing specialist,1,openjobs_definition
bim,bim,1,openjobs_definition
bim technician,bim technician,1,openjobs_definition
BIOS/Firmware,bios/firmware,1,candidate_base_resume
Bluebeam,bluebeam,1,candidate_base_resume
Bluebeam Revu,bluebeam revu,1,candidate_base_resume
Bluebeam Technician,bluebeam technician,1,candidate_base_resume
Blueprint Reading,blueprint reading,1,candidate_base_resume
bms design engineer,bms design engineer,1,openjobs_definition
Board Bring-Up,board bring-up,1,candidate_base_resume
BOM Generation,bom generation,1,candidate_base_resume
bookkeeper,bookkeeper,1,openjobs_definition
bookkeeping specialist,bookkeeping specialist,1,openjobs_definition
BOQ/BOM,boq/bom,1,candidate_base_resume
bore path,bore path,1,candidate_base_resume
Bore Path Design,bore path design,1,candidate_base_resume
bore path drawings,bore path drawings,1,candidate_base_resume
Bore Paths,bore paths,1,candidate_base_resume
BRAM,bram,1,candidate_base_resume
broadband,broadband,1,openjobs_definition
broadband construction,broadband construction,1,openjobs_definition
Broadband Delivery,broadband delivery,1,candidate_base_resume
broadband network design,broadband network design,1,candidate_base_resume
Broadband Network Designer,broadband network designer,1,candidate_base_resume
budget analyst,budget analyst,1,openjobs_definition
Buffer analysis,buffer analysis,1,candidate_base_resume
building designer,building designer,1,openjobs_definition
C/C++ HLS,c/c++ hls,1,candidate_base_resume
C/RTL Co-simulation,c/rtl co-simulation,1,candidate_base_resume
cable locator,cable locator,1,openjobs_definition
cable placement,cable placement,1,openjobs_definition
Cable Route Designer,cable route designer,1,candidate_base_resume
cad,cad,1,openjobs_definition
CAD Backchecking,cad backchecking,1,candidate_base_resume
CAD block library,cad block library,1,candidate_base_resume
CAD Design Engineer,cad design engineer,1,candidate_base_resume
CAD Engineer,cad engineer,1,candidate_base_resume
cad intern,cad intern,1,openjobs_definition
CAD template standardization,cad template standardization,1,candidate_base_resume
CAD templates,cad templates,1,candidate_base_resume
Cadence Virtuoso,cadence virtuoso,1,candidate_base_resume
Carport Solar,carport solar,1,candidate_base_resume
Carrier-grade network,carrier-grade network,1,candidate_base_resume
cartograph,cartograph,1,openjobs_definition
Cartographic Technician,cartographic technician,1,candidate_base_resume
casework designer,casework designer,1,openjobs_definition
cash application specialist,cash application specialist,1,openjobs_definition
cash applications analyst,cash applications analyst,1,openjobs_definition
CCIE Network Engineer,ccie network engineer,1,candidate_base_resume
CCNP Enterprise,ccnp enterprise,1,candidate_base_resume
CGNAT,cgnat,1,candidate_base_resume
Change Control,change control,1,candidate_base_resume
Change Management,change management,1,candidate_base_resume
change tracking,change tracking,1,candidate_base_resume
charge controller design,charge controller design,1,openjobs_definition
circuit design engineer,circuit design engineer,1,openjobs_definition
Cisco IOS,cisco ios,1,candidate_base_resume
Cisco IOS/XE/XR,cisco ios/xe/xr,1,candidate_base_resume
Cisco NX-OS,cisco nx-os,1,candidate_base_resume
Civil 3D Drafter,civil 3d drafter,1,candidate_base_resume
Civil Infrastructure Drafter,civil infrastructure drafter,1,candidate_base_resume
CNN Accelerator,cnn accelerator,1,candidate_base_resume
collections specialist,collections specialist,1,openjobs_definition
colocation,colocation,1,openjobs_definition
Commercial & Industrial Solar,commercial & industrial solar,1,candidate_base_resume
computer architecture engineer,computer architecture engineer,1,openjobs_definition
concrete detailer,concrete detailer,1,openjobs_definition
Conduit & Handhole Layouts,conduit & handhole layouts,1,candidate_base_resume
conduit alignment,conduit alignment,1,candidate_base_resume
conduit drawings,conduit drawings,1,candidate_base_resume
conduit footage,conduit footage,1,candidate_base_resume
conduit footage estimating,conduit footage estimating,1,candidate_base_resume
Conduit Layout,conduit layout,1,candidate_base_resume
Conduit Layouts,conduit layouts,1,candidate_base_resume
conduit placement,conduit placement,1,openjobs_definition
Conduit Routing,conduit routing,1,candidate_base_resume
configuration documentation,configuration documentation,1,candidate_base_resume
Configuration Management Coordinator,configuration management coordinator,1,candidate_base_resume
Constructability Review,constructability review,1,candidate_base_resume
construction drawings fiber,construction drawings fiber,1,openjobs_definition
Construction plans,construction plans,1,candidate_base_resume
Construction Project Engineer,construction project engineer,1,candidate_base_resume
Construction Sets,construction sets,1,candidate_base_resume
construction-ready documentation,construction-ready documentation,1,candidate_base_resume
construction-ready drawings,construction-ready drawings,1,candidate_base_resume
continuous improvement,continuous improvement,1,candidate_base_resume
controls drafter,controls drafter,1,openjobs_definition
controls project engineer,controls project engineer,1,candidate_base_resume
Coordinate Systems & Projections,coordinate systems & projections,1,candidate_base_resume
corporate accountant,corporate accountant,1,openjobs_definition
cost awareness,cost awareness,1,candidate_base_resume
cost estimating,cost estimating,1,candidate_base_resume
credit and collections specialist,credit and collections specialist,1,openjobs_definition
Creo,creo,1,candidate_base_resume
Cross-Connect,cross-connect,1,candidate_base_resume
cross-functional coordination,cross-functional coordination,1,candidate_base_resume
Custom IC Design,custom ic design,1,candidate_base_resume
Customer Circuit Provisioning,customer circuit provisioning,1,candidate_base_resume
Dashboards,dashboards,1,candidate_base_resume
data center,data center,1,openjobs_definition
Data Center Engineer,data center engineer,1,candidate_base_resume
Data Center Operations,data center operations,1,candidate_base_resume
Data digitization,data digitization,1,candidate_base_resume
Data QA/QC,data qa/qc,1,candidate_base_resume
Data Sanitization,data sanitization,1,candidate_base_resume
dc dc converter design,dc dc converter design,1,openjobs_definition
dc-dc converter design,dc-dc converter design,1,openjobs_definition
DC/AC Ratio Optimization,dc/ac ratio optimization,1,candidate_base_resume
DCIM,dcim,1,candidate_base_resume
Dell PowerEdge,dell poweredge,1,candidate_base_resume
design documentation,design documentation,1,candidate_base_resume
Design for Manufacturability (DFM),design for manufacturability (dfm),1,candidate_base_resume
design lifecycle,design lifecycle,1,candidate_base_resume
design technician,design technician,1,openjobs_definition
detail drawings,detail drawings,1,candidate_base_resume
detailing technician,detailing technician,1,openjobs_definition
digital asic engineer,digital asic engineer,1,openjobs_definition
digital ic design engineer,digital ic design engineer,1,openjobs_definition
digital logic design engineer,digital logic design engineer,1,openjobs_definition
Digitization,digitization,1,candidate_base_resume
directional bore,directional bore,1,candidate_base_resume
distributed generation,distributed generation,1,openjobs_definition
Distribution Engineer,distribution engineer,1,candidate_base_resume
DMS,dms,1,candidate_base_resume
Document Control Engineer,document control engineer,1,candidate_base_resume
Document Management Systems,document management systems,1,candidate_base_resume
drafter,drafter,1,openjobs_definition
drafting,drafting,1,openjobs_definition
drafting intern,drafting intern,1,openjobs_definition
Drawing Packages,drawing packages,1,candidate_base_resume
drawing production,drawing production,1,candidate_base_resume
drawing review,drawing review,1,candidate_base_resume
Drawing Revision Control,drawing revision control,1,candidate_base_resume
drawing set,drawing set,1,candidate_base_resume
DRC,drc,1,candidate_base_resume
duct bank,duct bank,1,candidate_base_resume
duct bank drawings,duct bank drawings,1,candidate_base_resume
Duct Banks,duct banks,1,candidate_base_resume
Duct-Bank Layouts,duct-bank layouts,1,candidate_base_resume
ductwork drafter,ductwork drafter,1,openjobs_definition
DWG control,dwg control,1,candidate_base_resume
DWG file control,dwg file control,1,candidate_base_resume
ECN,ecn,1,candidate_base_resume
ECO,eco,1,candidate_base_resume
electrical cad drafter,electrical cad drafter,1,openjobs_definition
Electrical CAD Technician,electrical cad technician,1,candidate_base_resume
electrical design technician,electrical design technician,1,openjobs_definition
electrical drafter,electrical drafter,1,openjobs_definition
electrical engineer,electrical engineer,1,openjobs_definition
electrical hardware engineer,electrical hardware engineer,1,openjobs_definition
Embedded C,embedded c,1,candidate_base_resume
Embedded Hardware Design Intern,embedded hardware design intern,1,candidate_base_resume
Energy Production Modeling,energy production modeling,1,candidate_base_resume
Energy Yield Estimation,energy yield estimation,1,candidate_base_resume
energy-yield,energy-yield,1,openjobs_definition
Engineering Associate,engineering associate,1,candidate_base_resume
Engineering Change Coordinator,engineering change coordinator,1,candidate_base_resume
Engineering Change Notice (ECN),engineering change notice (ecn),1,candidate_base_resume
Engineering Coordinator,engineering coordinator,1,candidate_base_resume
Engineering Documentation Specialist,engineering documentation specialist,1,candidate_base_resume
engineering drawing,engineering drawing,1,candidate_base_resume
engineering drawings,engineering drawings,1,candidate_base_resume
engineering management,engineering management,1,candidate_base_resume
engineering mentorship,engineering mentorship,1,candidate_base_resume
Engineering Project Coordinator,engineering project coordinator,1,candidate_base_resume
engineering project support,engineering project support,1,candidate_base_resume
engineering records,engineering records,1,candidate_base_resume
engineering specifications,engineering specifications,1,candidate_base_resume
Engineering Technician,engineering technician,1,candidate_base_resume
Enphase,enphase,1,candidate_base_resume
entry level accountant,entry level accountant,1,openjobs_definition
entry level accounting,entry level accounting,1,openjobs_definition
entry level accounting clerk,entry level accounting clerk,1,openjobs_definition
entry level bookkeeper,entry level bookkeeper,1,openjobs_definition
entry level financial analyst,entry level financial analyst,1,openjobs_definition
entry level pcb designer,entry level pcb designer,1,openjobs_definition
entry level staff accountant,entry level staff accountant,1,openjobs_definition
Entry-Level Manufacturing Engineer,entry-level manufacturing engineer,1,candidate_base_resume
Entry-Level Mechanical Engineer,entry-level mechanical engineer,1,candidate_base_resume
environmental gis analyst,environmental gis analyst,1,openjobs_definition
EPC Coordination,epc coordination,1,candidate_base_resume
ERP Documentation,erp documentation,1,candidate_base_resume
external references,external references,1,candidate_base_resume
F1 distribution,f1 distribution,1,candidate_base_resume
F2 distribution,f2 distribution,1,candidate_base_resume
F3 distribution,f3 distribution,1,candidate_base_resume
F4 distribution,f4 distribution,1,candidate_base_resume
Fabrication Details,fabrication details,1,candidate_base_resume
Fault Isolation,fault isolation,1,candidate_base_resume
FDOT Permit Packages,fdot permit packages,1,candidate_base_resume
Feature Class,feature class,1,candidate_base_resume
Feature Services,feature services,1,candidate_base_resume
Feeder Reconductoring,feeder reconductoring,1,candidate_base_resume
FGDC Metadata,fgdc metadata,1,candidate_base_resume
fiber cad,fiber cad,1,openjobs_definition
fiber construction,fiber construction,1,openjobs_definition
fiber construction manager,fiber construction manager,1,openjobs_definition
Fiber Construction Technician,fiber construction technician,1,candidate_base_resume
fiber counts,fiber counts,1,candidate_base_resume
fiber footage,fiber footage,1,candidate_base_resume
fiber footage estimating,fiber footage estimating,1,candidate_base_resume
fiber installer,fiber installer,1,openjobs_definition
fiber layouts,fiber layouts,1,candidate_base_resume
fiber network design,fiber network design,1,openjobs_definition
Fiber Network Implementation Engineer,fiber network implementation engineer,1,candidate_base_resume
fiber permit,fiber permit,1,openjobs_definition
Fiber Permit Coordinator,fiber permit coordinator,1,candidate_base_resume
fiber planning,fiber planning,1,openjobs_definition
fiber route,fiber route,1,openjobs_definition
fiber route design,fiber route design,1,candidate_base_resume
Fiber Route Mapping,fiber route mapping,1,candidate_base_resume
Fiber Route Planning,fiber route planning,1,candidate_base_resume
Fiber Routing,fiber routing,1,candidate_base_resume
fiber splic,fiber splic,1,openjobs_definition
Fiber Splice Engineer,fiber splice engineer,1,candidate_base_resume
fiber splice technician,fiber splice technician,1,openjobs_definition
fiber splicer,fiber splicer,1,openjobs_definition
fiber splicing engineer,fiber splicing engineer,1,openjobs_definition
Fiber Splicing Technician,fiber splicing technician,1,candidate_base_resume
fibre optic,fibre optic,1,openjobs_definition
field data integration,field data integration,1,candidate_base_resume
field service engineer,field service engineer,1,openjobs_definition
field service technician ii,field service technician ii,1,openjobs_definition
Field Verification,field verification,1,candidate_base_resume
Field Walkdown,field walkdown,1,candidate_base_resume
finance operations analyst,finance operations analyst,1,openjobs_definition
financial analyst associate,financial analyst associate,1,openjobs_definition
financial analyst i,financial analyst i,1,openjobs_definition
financial planning analyst,financial planning analyst,1,openjobs_definition
financial reporting analyst,financial reporting analyst,1,openjobs_definition
fire protection drafter,fire protection drafter,1,openjobs_definition
fire sprinkler designer,fire sprinkler designer,1,openjobs_definition
fire sprinkler drafter,fire sprinkler drafter,1,openjobs_definition
Fixed-Point Arithmetic,fixed-point arithmetic,1,candidate_base_resume
fixture designer,fixture designer,1,openjobs_definition
FlexVPN,flexvpn,1,candidate_base_resume
Fluke,fluke,1,candidate_base_resume
Fortinet,fortinet,1,candidate_base_resume
Fortinet FortiGate,fortinet fortigate,1,candidate_base_resume
fp&a analyst,fp&a analyst,1,openjobs_definition
fpga hardware engineer,fpga hardware engineer,1,openjobs_definition
fpga prototyping engineer,fpga prototyping engineer,1,openjobs_definition
FPGA Synthesis,fpga synthesis,1,candidate_base_resume
fpga verification engineer,fpga verification engineer,1,openjobs_definition
FTTH Designer,ftth designer,1,candidate_base_resume
FTTx Designer,fttx designer,1,candidate_base_resume
Full-Custom Layout,full-custom layout,1,candidate_base_resume
fund accountant,fund accountant,1,openjobs_definition
gate driver design,gate driver design,1,openjobs_definition
general accountant,general accountant,1,openjobs_definition
general ledger accountant,general ledger accountant,1,openjobs_definition
general ledger analyst,general ledger analyst,1,openjobs_definition
Geodatabase management,geodatabase management,1,candidate_base_resume
Geometric Dimensioning and Tolerancing,geometric dimensioning and tolerancing,1,candidate_base_resume
Geometry Validation,geometry validation,1,candidate_base_resume
Geoprocessing Automation,geoprocessing automation,1,candidate_base_resume
georeferenced CAD,georeferenced cad,1,candidate_base_resume
Georeferencing,georeferencing,1,candidate_base_resume
geospatial,geospatial,1,openjobs_definition
Geospatial data analysis,geospatial data analysis,1,candidate_base_resume
Geospatial Processing,geospatial processing,1,candidate_base_resume
GIS Analyst I,gis analyst i,1,candidate_base_resume
GIS Applications Analyst,gis applications analyst,1,candidate_base_resume
GIS automation,gis automation,1,candidate_base_resume
GIS Dashboards,gis dashboards,1,candidate_base_resume
GIS Data Conversion,gis data conversion,1,candidate_base_resume
GIS Data Technician,gis data technician,1,candidate_base_resume
gis fiber,gis fiber,1,openjobs_definition
GIS integration,gis integration,1,candidate_base_resume
GIS Production Specialist,gis production specialist,1,candidate_base_resume
GIS Quality Assurance Analyst,gis quality assurance analyst,1,candidate_base_resume
GIS Technician I,gis technician i,1,candidate_base_resume
GIS Technician II,gis technician ii,1,candidate_base_resume
GIS/CAD,gis/cad,1,candidate_base_resume
GIS/CAD integration,gis/cad integration,1,candidate_base_resume
GPON,gpon,1,candidate_base_resume
GPS data,gps data,1,candidate_base_resume
GPS to CAD,gps to cad,1,candidate_base_resume
GPS/GNSS Data Collection,gps/gnss data collection,1,candidate_base_resume
grading drafter,grading drafter,1,openjobs_definition
Ground-Mount PV Systems,ground-mount pv systems,1,candidate_base_resume
Ground-Mount Solar,ground-mount solar,1,candidate_base_resume
Grounding Design,grounding design,1,candidate_base_resume
handhole layout,handhole layout,1,candidate_base_resume
handhole layouts,handhole layouts,1,candidate_base_resume
Handhole Placement,handhole placement,1,candidate_base_resume
handhole spacing,handhole spacing,1,candidate_base_resume
Hardware Acceleration,hardware acceleration,1,candidate_base_resume
Hardware Acceleration Engineer,hardware acceleration engineer,1,candidate_base_resume
Hardware Break/Fix,hardware break/fix,1,candidate_base_resume
hardware verification engineer,hardware verification engineer,1,openjobs_definition
harness drafter,harness drafter,1,openjobs_definition
HDD bore,hdd bore,1,candidate_base_resume
high level design,high level design,1,candidate_base_resume
High Level Design (HLD),high level design (hld),1,candidate_base_resume
highway drafter,highway drafter,1,openjobs_definition
HLD/LLD Designer,hld/lld designer,1,candidate_base_resume
HPE ProLiant,hpe proliant,1,candidate_base_resume
hvac designer,hvac designer,1,openjobs_definition
hvac drafter,hvac drafter,1,openjobs_definition
I2C,i2c,1,candidate_base_resume
ic design engineer,ic design engineer,1,openjobs_definition
iDRAC,idrac,1,candidate_base_resume
IEEE Standards,ieee standards,1,candidate_base_resume
iLO,ilo,1,candidate_base_resume
Incident Response,incident response,1,candidate_base_resume
industrial drafter,industrial drafter,1,openjobs_definition
Infrastructure Engineer,infrastructure engineer,1,candidate_base_resume
Infrastructure Project Engineer,infrastructure project engineer,1,candidate_base_resume
instrumentation designer,instrumentation designer,1,openjobs_definition
instrumentation drafter,instrumentation drafter,1,openjobs_definition
INT8 Quantization,int8 quantization,1,candidate_base_resume
Interconnection Applications,interconnection applications,1,candidate_base_resume
Interconnection Design,interconnection design,1,candidate_base_resume
interconnection specialist,interconnection specialist,1,openjobs_definition
interdisciplinary engineer,interdisciplinary engineer,1,openjobs_definition
inventor drafter,inventor drafter,1,openjobs_definition
inverter firmware engineer,inverter firmware engineer,1,openjobs_definition
invoice processing specialist,invoice processing specialist,1,openjobs_definition
IPMI,ipmi,1,candidate_base_resume
IPsec,ipsec,1,candidate_base_resume
ISO Standards,iso standards,1,candidate_base_resume
ISP Peering,isp peering,1,candidate_base_resume
issue tracking,issue tracking,1,candidate_base_resume
joint use,joint use,1,candidate_base_resume
junior accountant,junior accountant,1,openjobs_definition
Junior Design Engineer,junior design engineer,1,candidate_base_resume
junior drafter,junior drafter,1,openjobs_definition
junior financial analyst,junior financial analyst,1,openjobs_definition
junior hardware engineer,junior hardware engineer,1,openjobs_definition
Junior Mechanical Engineer,junior mechanical engineer,1,candidate_base_resume
Junior Project Engineer,junior project engineer,1,candidate_base_resume
Junior Solar Engineer,junior solar engineer,1,candidate_base_resume
junior staff accountant,junior staff accountant,1,openjobs_definition
junior vlsi engineer,junior vlsi engineer,1,openjobs_definition
Juniper Junos,juniper junos,1,candidate_base_resume
JunOS,junos,1,candidate_base_resume
jurisdictional compliance,jurisdictional compliance,1,candidate_base_resume
jurisdictional standards,jurisdictional standards,1,candidate_base_resume
K-Factor,k-factor,1,candidate_base_resume
katapult,katapult,1,openjobs_definition
kitchen and bath designer,kitchen and bath designer,1,openjobs_definition
L1/L2 Incident Response,l1/l2 incident response,1,candidate_base_resume
L2 Network Engineer,l2 network engineer,1,candidate_base_resume
Land Development CAD Technician,land development cad technician,1,candidate_base_resume
land records gis analyst,land records gis analyst,1,openjobs_definition
land surveying drafter,land surveying drafter,1,openjobs_definition
layer standards,layer standards,1,candidate_base_resume
layout designer,layout designer,1,openjobs_definition
Legal descriptions,legal descriptions,1,candidate_base_resume
Line Routing,line routing,1,candidate_base_resume
Linux,linux,1,candidate_base_resume
Load Flow Analysis,load flow analysis,1,candidate_base_resume
low level design,low level design,1,candidate_base_resume
Low Level Design (LLD),low level design (lld),1,candidate_base_resume
LVS,lvs,1,candidate_base_resume
make ready,make ready,1,candidate_base_resume
Make-Ready Engineering,make-ready engineering,1,candidate_base_resume
Manufacturing CAD Technician,manufacturing cad technician,1,candidate_base_resume
manufacturing documentation,manufacturing documentation,1,candidate_base_resume
manufacturing drafter,manufacturing drafter,1,openjobs_definition
Manufacturing Engineer,manufacturing engineer,1,candidate_base_resume
Map projections,map projections,1,candidate_base_resume
material estimating,material estimating,1,candidate_base_resume
material planning,material planning,1,candidate_base_resume
Mechanical Applications Engineer,mechanical applications engineer,1,candidate_base_resume
mechanical CAD,mechanical cad,1,candidate_base_resume
mechanical cad drafter,mechanical cad drafter,1,openjobs_definition
Mechanical Design,mechanical design,1,candidate_base_resume
Mechanical Design Technician,mechanical design technician,1,candidate_base_resume
Mechanical Engineer,mechanical engineer,1,candidate_base_resume
Mechanical Engineering Associate,mechanical engineering associate,1,candidate_base_resume
Mechanical Engineering Technician,mechanical engineering technician,1,candidate_base_resume
Mechanical Project Engineer,mechanical project engineer,1,candidate_base_resume
medium voltage specialist,medium voltage specialist,1,openjobs_definition
mep designer,mep designer,1,openjobs_definition
mep drafter,mep drafter,1,openjobs_definition
Metadata,metadata,1,candidate_base_resume
Microcontrollers,microcontrollers,1,candidate_base_resume
MicroStation Drafter,microstation drafter,1,candidate_base_resume
MikroTik,mikrotik,1,candidate_base_resume
millwork drafter,millwork drafter,1,openjobs_definition
miscellaneous steel detailer,miscellaneous steel detailer,1,openjobs_definition
MLAG,mlag,1,candidate_base_resume
Mobile GIS,mobile gis,1,candidate_base_resume
Model Builder,model builder,1,candidate_base_resume
month end close analyst,month end close analyst,1,openjobs_definition
MOP/SOP,mop/sop,1,candidate_base_resume
mppt controller,mppt controller,1,openjobs_definition
municipal drafter,municipal drafter,1,openjobs_definition
Municipal GIS,municipal gis,1,candidate_base_resume
Municipal planning,municipal planning,1,candidate_base_resume
municipal standards,municipal standards,1,candidate_base_resume
NABCEP Guidelines,nabcep guidelines,1,candidate_base_resume
National Electrical Code (NEC),national electrical code (nec),1,candidate_base_resume
NEC,nec,1,candidate_base_resume
NEC 690,nec 690,1,candidate_base_resume
NEC 705,nec 705,1,candidate_base_resume
NEC Article 690,nec article 690,1,candidate_base_resume
NEC Article 705,nec article 705,1,candidate_base_resume
NetFlow,netflow,1,candidate_base_resume
network planning,network planning,1,openjobs_definition
Network Security Engineer,network security engineer,1,candidate_base_resume
noc,noc,1,openjobs_definition
NOC Technician,noc technician,1,candidate_base_resume
operations engineer – mv systems,operations engineer - mv systems,1,openjobs_definition
operations engineer 1,operations engineer 1,1,openjobs_definition
Orthographic Projections,orthographic projections,1,candidate_base_resume
OSP blocks,osp blocks,1,candidate_base_resume
OSP Construction Engineer,osp construction engineer,1,candidate_base_resume
OSP Design Specialist,osp design specialist,1,candidate_base_resume
OSP Design Support,osp design support,1,candidate_base_resume
OSP Drafter,osp drafter,1,candidate_base_resume
OSP Engineering Specialist,osp engineering specialist,1,candidate_base_resume
OSP Fiber Design,osp fiber design,1,candidate_base_resume
OSP Field Technician,osp field technician,1,candidate_base_resume
OSP network design,osp network design,1,candidate_base_resume
OSP QA/QC Technician,osp qa/qc technician,1,candidate_base_resume
OTDR,otdr,1,candidate_base_resume
Outside Plant (OSP),outside plant (osp),1,candidate_base_resume
Outside Plant CAD Technician,outside plant cad technician,1,candidate_base_resume
outside plant design,outside plant design,1,candidate_base_resume
Overhead Distribution,overhead distribution,1,candidate_base_resume
p&id drafter,p&id drafter,1,openjobs_definition
P50/P90 Analysis,p50/p90 analysis,1,candidate_base_resume
panel designer,panel designer,1,openjobs_definition
Parcel Mapping Technician,parcel mapping technician,1,candidate_base_resume
payroll analyst,payroll analyst,1,openjobs_definition
payroll associate,payroll associate,1,openjobs_definition
payroll clerk,payroll clerk,1,openjobs_definition
payroll coordinator,payroll coordinator,1,openjobs_definition
payroll specialist,payroll specialist,1,openjobs_definition
pcb design engineer,pcb design engineer,1,openjobs_definition
pcb designer,pcb designer,1,openjobs_definition
pcb layout designer,pcb layout designer,1,openjobs_definition
pcb layout engineer,pcb layout engineer,1,openjobs_definition
PDF to CAD Technician,pdf to cad technician,1,candidate_base_resume
Peering,peering,1,candidate_base_resume
permit documentation,permit documentation,1,candidate_base_resume
Permit Sets,permit sets,1,candidate_base_resume
Permit/ROW Exhibits,permit/row exhibits,1,candidate_base_resume
physical design engineer,physical design engineer,1,openjobs_definition
Physical Layer,physical layer,1,candidate_base_resume
piping designer,piping designer,1,openjobs_definition
piping drafter,piping drafter,1,openjobs_definition
Plan and Profile Drawings,plan and profile drawings,1,candidate_base_resume
plan set,plan set,1,candidate_base_resume
plan-view drawings,plan-view drawings,1,candidate_base_resume
plant design drafter,plant design drafter,1,openjobs_definition
plant layout designer,plant layout designer,1,openjobs_definition
PLC,plc,1,candidate_base_resume
PLS-CADD,pls-cadd,1,candidate_base_resume
plumbing designer,plumbing designer,1,openjobs_definition
plumbing drafter,plumbing drafter,1,openjobs_definition
Pole Attachment Design,pole attachment design,1,candidate_base_resume
pole attachment drawings,pole attachment drawings,1,candidate_base_resume
pole loading,pole loading,1,candidate_base_resume
Pole Loading Analysis,pole loading analysis,1,candidate_base_resume
Pole Replacement,pole replacement,1,candidate_base_resume
port assignment,port assignment,1,candidate_base_resume
Post-Layout Simulation,post-layout simulation,1,candidate_base_resume
power converter design,power converter design,1,openjobs_definition
power distribution drafter,power distribution drafter,1,openjobs_definition
power electronics associate,power electronics associate,1,openjobs_definition
power electronics design engineer,power electronics design engineer,1,openjobs_definition
power electronics engineer,power electronics engineer,1,openjobs_definition
power supply design engineer,power supply design engineer,1,openjobs_definition
Power Systems Engineer,power systems engineer,1,candidate_base_resume
PowerShell,powershell,1,candidate_base_resume
precast detailer,precast detailer,1,openjobs_definition
Process Documentation Engineer,process documentation engineer,1,candidate_base_resume
process piping drafter,process piping drafter,1,openjobs_definition
product design drafter,product design drafter,1,openjobs_definition
product development designer,product development designer,1,openjobs_definition
Product Development Engineer,product development engineer,1,candidate_base_resume
production drawings,production drawings,1,candidate_base_resume
Production Engineering Technician,production engineering technician,1,candidate_base_resume
project controls,project controls,1,candidate_base_resume
Project Controls Coordinator,project controls coordinator,1,candidate_base_resume
project coordination,project coordination,1,candidate_base_resume
project deliverables,project deliverables,1,candidate_base_resume
Project Design Coordinator,project design coordinator,1,candidate_base_resume
Project Engineer,project engineer,1,candidate_base_resume
Project Engineering Coordinator,project engineering coordinator,1,candidate_base_resume
project planning,project planning,1,candidate_base_resume
project reporting,project reporting,1,candidate_base_resume
Projection Management,projection management,1,candidate_base_resume
Protective Device Coordination,protective device coordination,1,candidate_base_resume
Public Works GIS,public works gis,1,candidate_base_resume
pv,pv,1,openjobs_definition
pv design,pv design,1,openjobs_definition
pv estimator,pv estimator,1,openjobs_definition
pv inverter engineer,pv inverter engineer,1,openjobs_definition
PV System Design,pv system design,1,candidate_base_resume
PV*SOL,pv*sol,1,candidate_base_resume
PYNQ-Z2,pynq-z2,1,candidate_base_resume
QA/QC Review,qa/qc review,1,candidate_base_resume
QoS,qos,1,candidate_base_resume
Quality Control,quality control,1,candidate_base_resume
Quality Documentation Specialist,quality documentation specialist,1,candidate_base_resume
Quality Engineering Technician,quality engineering technician,1,candidate_base_resume
quality review,quality review,1,candidate_base_resume
Rack & Stack,rack & stack,1,candidate_base_resume
RAID,raid,1,candidate_base_resume
Raster Reclassification,raster reclassification,1,candidate_base_resume
rebar detailer,rebar detailer,1,openjobs_definition
reconciliation accountant,reconciliation accountant,1,openjobs_definition
Record Drawings,record drawings,1,candidate_base_resume
redline review,redline review,1,candidate_base_resume
redline updates,redline updates,1,candidate_base_resume
Redlines,redlines,1,candidate_base_resume
remote sensing,remote sensing,1,openjobs_definition
remote sensing analyst,remote sensing analyst,1,openjobs_definition
renewable energy,renewable energy,1,openjobs_definition
renewable energy drafter,renewable energy drafter,1,openjobs_definition
Renewable Energy Engineer,renewable energy engineer,1,candidate_base_resume
renewable energy hardware engineer,renewable energy hardware engineer,1,openjobs_definition
Request for Information (RFI),request for information (rfi),1,candidate_base_resume
requirements tracking,requirements tracking,1,candidate_base_resume
residential drafter,residential drafter,1,openjobs_definition
Resource Optimization,resource optimization,1,candidate_base_resume
revit designer,revit designer,1,openjobs_definition
revit drafter,revit drafter,1,openjobs_definition
revit technician,revit technician,1,openjobs_definition
right of way,right of way,1,candidate_base_resume
Right of Way Coordinator,right of way coordinator,1,candidate_base_resume
risk tracking,risk tracking,1,candidate_base_resume
Road Centerline Mapping,road centerline mapping,1,candidate_base_resume
Roadway Plan Interpretation,roadway plan interpretation,1,candidate_base_resume
Rooftop Solar,rooftop solar,1,candidate_base_resume
Rooftop Solar Systems,rooftop solar systems,1,candidate_base_resume
Root Cause Analysis (RCA),root cause analysis (rca),1,candidate_base_resume
Root-Cause Analysis (RCA),root-cause analysis (rca),1,candidate_base_resume
ROW,row,1,candidate_base_resume
ROW alignment,row alignment,1,candidate_base_resume
ROW documentation,row documentation,1,candidate_base_resume
ROW Mapping,row mapping,1,candidate_base_resume
row permit,row permit,1,openjobs_definition
ROW Permitting,row permitting,1,candidate_base_resume
ROW plans,row plans,1,candidate_base_resume
rtl,rtl,1,openjobs_definition
RTL Design,rtl design,1,candidate_base_resume
rtl verification engineer,rtl verification engineer,1,openjobs_definition
Rule 21,rule 21,1,candidate_base_resume
Sag-Tension Calculation,sag-tension calculation,1,candidate_base_resume
scale review,scale review,1,candidate_base_resume
schedule tracking,schedule tracking,1,candidate_base_resume
schematic drafter,schematic drafter,1,openjobs_definition
SD-WAN,sd-wan,1,candidate_base_resume
sds2 detailer,sds2 detailer,1,openjobs_definition
senior cost estimator,senior cost estimator,1,openjobs_definition
service engineer,service engineer,1,openjobs_definition
Service Provider Networks,service provider networks,1,candidate_base_resume
service technician,service technician,1,openjobs_definition
Shapefile,shapefile,1,candidate_base_resume
Shapefiles,shapefiles,1,candidate_base_resume
sheet metal drafter,sheet metal drafter,1,openjobs_definition
Sheet Metal Fabrication,sheet metal fabrication,1,candidate_base_resume
sheet set,sheet set,1,candidate_base_resume
Sheet Set Technician,sheet set technician,1,candidate_base_resume
Sheet Sets,sheet sets,1,candidate_base_resume
Short-Circuit Analysis,short-circuit analysis,1,candidate_base_resume
signal processing engineer,signal processing engineer,1,openjobs_definition
Single-Line Diagram (SLD),single-line diagram (sld),1,candidate_base_resume
Single-Line Diagrams,single-line diagrams,1,candidate_base_resume
site civil drafter,site civil drafter,1,openjobs_definition
SLA Management,sla management,1,candidate_base_resume
SLD,sld,1,candidate_base_resume
SMA,sma,1,candidate_base_resume
smart hands,smart hands,1,openjobs_definition
smps design,smps design,1,openjobs_definition
solar applications,solar applications,1,openjobs_definition
solar cad,solar cad,1,openjobs_definition
solar commissioning,solar commissioning,1,openjobs_definition
solar design,solar design,1,openjobs_definition
solar drafter,solar drafter,1,openjobs_definition
solar electrical,solar electrical,1,openjobs_definition
solar electronics engineer,solar electronics engineer,1,openjobs_definition
solar estimator,solar estimator,1,openjobs_definition
solar interconnection,solar interconnection,1,openjobs_definition
solar inverter design,solar inverter design,1,openjobs_definition
solar performance,solar performance,1,openjobs_definition
solar permit,solar permit,1,openjobs_definition
solar preconstruction,solar preconstruction,1,openjobs_definition
solar project,solar project,1,openjobs_definition
solar proposal,solar proposal,1,openjobs_definition
solar pv,solar pv,1,openjobs_definition
Solar PV Design,solar pv design,1,candidate_base_resume
solar system designer,solar system designer,1,openjobs_definition
SolarEdge,solaredge,1,candidate_base_resume
solidworks designer,solidworks designer,1,openjobs_definition
solidworks drafter,solidworks drafter,1,openjobs_definition
space planner,space planner,1,openjobs_definition
spatial data,spatial data,1,openjobs_definition
Spatial Data Integration,spatial data integration,1,candidate_base_resume
SPI,spi,1,candidate_base_resume
SPIDACalc,spidacalc,1,candidate_base_resume
splice engineer,splice engineer,1,openjobs_definition
Splice Matrix Technician,splice matrix technician,1,candidate_base_resume
Splunk,splunk,1,candidate_base_resume
SQL,sql,1,candidate_base_resume
staff accountant,staff accountant,1,openjobs_definition
stakeholder communication,stakeholder communication,1,candidate_base_resume
Staking Sheets,staking sheets,1,candidate_base_resume
standards compliance,standards compliance,1,candidate_base_resume
Stationing Calculations,stationing calculations,1,candidate_base_resume
steel detailer,steel detailer,1,openjobs_definition
stormwater drafter,stormwater drafter,1,openjobs_definition
String Sizing,string sizing,1,candidate_base_resume
structural designer,structural designer,1,openjobs_definition
structural drafter,structural drafter,1,openjobs_definition
structural steel detailer,structural steel detailer,1,openjobs_definition
Structured Cabling,structured cabling,1,candidate_base_resume
Sub-Meter Field Verification,sub-meter field verification,1,candidate_base_resume
subdivision drafter,subdivision drafter,1,openjobs_definition
submittal review,submittal review,1,candidate_base_resume
substation drafter,substation drafter,1,openjobs_definition
Substation Engineer,substation engineer,1,candidate_base_resume
Substation Physical Design,substation physical design,1,candidate_base_resume
switch mode power supply,switch mode power supply,1,openjobs_definition
System Hardening,system hardening,1,candidate_base_resume
System Sizing,system sizing,1,candidate_base_resume
T&D Design,t&d design,1,candidate_base_resume
T&D Engineer,t&d engineer,1,candidate_base_resume
TCP/IP,tcp/ip,1,candidate_base_resume
technical communication,technical communication,1,candidate_base_resume
Technical Designer,technical designer,1,candidate_base_resume
Technical Documentation Engineer,technical documentation engineer,1,candidate_base_resume
technical drawing,technical drawing,1,candidate_base_resume
technical file management,technical file management,1,candidate_base_resume
Technical Project Coordinator,technical project coordinator,1,candidate_base_resume
technical submittals,technical submittals,1,candidate_base_resume
tekla detailer,tekla detailer,1,openjobs_definition
telecom,telecom,1,openjobs_definition
telecom construction,telecom construction,1,openjobs_definition
telecom infrastructure,telecom infrastructure,1,candidate_base_resume
telecom infrastructure engineer,telecom infrastructure engineer,1,openjobs_definition
telecom layouts,telecom layouts,1,candidate_base_resume
Telecom Project Engineer,telecom project engineer,1,candidate_base_resume
Telecommunications,telecommunications,1,candidate_base_resume
telecommunications construction,telecommunications construction,1,openjobs_definition
Thematic mapping,thematic mapping,1,candidate_base_resume
Three-Line Diagram,three-line diagram,1,candidate_base_resume
Tier III Colocation,tier iii colocation,1,candidate_base_resume
Timing Analysis,timing analysis,1,candidate_base_resume
Tolerance Stack-Up,tolerance stack-up,1,candidate_base_resume
Tolerance Stack-Up Analysis,tolerance stack-up analysis,1,candidate_base_resume
tool design drafter,tool design drafter,1,openjobs_definition
tooling designer,tooling designer,1,openjobs_definition
Topology QA/QC,topology qa/qc,1,candidate_base_resume
Topology Validation,topology validation,1,candidate_base_resume
Traffic Engineering,traffic engineering,1,candidate_base_resume
Transformer Loading Analysis,transformer loading analysis,1,candidate_base_resume
transmission drafter,transmission drafter,1,openjobs_definition
Transmission Engineer,transmission engineer,1,candidate_base_resume
Transmission Line Design,transmission line design,1,candidate_base_resume
Transmittals,transmittals,1,candidate_base_resume
transportation drafter,transportation drafter,1,openjobs_definition
treasury analyst,treasury analyst,1,openjobs_definition
UART,uart,1,candidate_base_resume
UL 1741,ul 1741,1,candidate_base_resume
underground construction,underground construction,1,openjobs_definition
Underground Distribution (UG),underground distribution (ug),1,candidate_base_resume
Underground Fiber Designer,underground fiber designer,1,candidate_base_resume
underground layouts,underground layouts,1,candidate_base_resume
underground plant,underground plant,1,candidate_base_resume
underground utility,underground utility,1,openjobs_definition
URD Layouts,urd layouts,1,candidate_base_resume
Utility Asset Mapping,utility asset mapping,1,candidate_base_resume
Utility Conflict Assessment,utility conflict assessment,1,candidate_base_resume
utility coordination,utility coordination,1,openjobs_definition
utility designer,utility designer,1,openjobs_definition
Utility Drafter,utility drafter,1,candidate_base_resume
Utility Engineer,utility engineer,1,candidate_base_resume
Utility Fiber Designer,utility fiber designer,1,candidate_base_resume
utility infrastructure,utility infrastructure,1,candidate_base_resume
utility layouts,utility layouts,1,candidate_base_resume
utility locating,utility locating,1,openjobs_definition
Utility Network,utility network,1,candidate_base_resume
Utility Project Engineer,utility project engineer,1,candidate_base_resume
utility relocation drawings,utility relocation drawings,1,candidate_base_resume
vendor coordination,vendor coordination,1,candidate_base_resume
Verilog,verilog,1,candidate_base_resume
verilog design engineer,verilog design engineer,1,openjobs_definition
Version Control,version control,1,candidate_base_resume
vetro fibermap,vetro fibermap,1,openjobs_definition
VHDL,vhdl,1,candidate_base_resume
vhdl design engineer,vhdl design engineer,1,openjobs_definition
Vitis HLS,vitis hls,1,candidate_base_resume
Vivado,vivado,1,candidate_base_resume
VLANs,vlans,1,candidate_base_resume
VMware ESXi,vmware esxi,1,candidate_base_resume
Voltage Drop Calculations,voltage drop calculations,1,candidate_base_resume
vPC,vpc,1,candidate_base_resume
VPLS,vpls,1,candidate_base_resume
wan,wan,1,openjobs_definition
WAN Engineer,wan engineer,1,apify_keyword_group
weldment drafter,weldment drafter,1,openjobs_definition
Wireshark,wireshark,1,candidate_base_resume
wiring harness designer,wiring harness designer,1,openjobs_definition
work instructions,work instructions,1,candidate_base_resume
Work Packages,work packages,1,candidate_base_resume
xilinx vivado design engineer,xilinx vivado design engineer,1,openjobs_definition
Xilinx Zynq-7020,xilinx zynq-7020,1,candidate_base_resume
Xref management,xref management,1,candidate_base_resume
Zoning Mapping,zoning mapping,1,candidate_base_resume
Zoning maps,zoning maps,1,candidate_base_resume
